{
    "N": 100,
    "randomX": [
      0.9190807760045299,
      0.03443662878952469,
      0.49187882567260843,
      0.7010735976920172,
      0.4863453626949933,
      0.2409965665118139,
      0.6094500626319788,
      0.0787718435925,
      0.13689207897414102,
      0.8417978111200464,
      0.557594776018438,
      0.828732862502022,
      0.4775857438166109,
      0.8833197070861005,
      0.40755984400545353,
      0.2163614609682616,
      0.46565022200382,
      0.3914557875133915,
      0.21540830737891326,
      0.6441958002864222,
      0.828720836702379,
      0.939897052202481,
      0.5143679198828932,
      0.6915125523493445,
      0.6851533073458081,
      0.8572480696792163,
      0.6500143196775853,
      0.21649306700427595,
      0.7122452228293717,
      0.9830323201831742,
      0.43094497534287546,
      0.5561068878203391,
      0.46002631707287245,
      0.13274278310696908,
      0.8175999145747433,
      0.10886865887280073,
      0.658273951841993,
      0.6820944317533617,
      0.6218858732957104,
      0.8356250202184994,
      0.6144098429150316,
      0.9306344079327286,
      0.4402597466666369,
      0.46352727389821846,
      0.04993441213387384,
      0.1548664275091184,
      0.29292794246819276,
      0.4283466044048735,
      0.9730550621963685,
      0.5110457780133243,
      0.6918174959875605,
      0.8402877323108489,
      0.4351643916505029,
      0.1978005728121075,
      0.10997567353856652,
      0.008457211298648959,
      0.26882495242134785,
      0.5387363605594777,
      0.07505373748628152,
      0.3091429997968361,
      0.1549164555724588,
      0.8951796575616214,
      0.35953169676183616,
      0.4330611374858122,
      0.6166018264670281,
      0.569216793976224,
      0.9903398722006853,
      0.296726075919029,
      0.7877685142193749,
      0.10718473671312656,
      0.05053378031510014,
      0.1531006648875376,
      0.053600957413166284,
      0.6637695274484213,
      0.4956784554067647,
      0.6866823661252043,
      0.9109407227356673,
      0.3368689762671865,
      0.45759842305761467,
      0.12818152461914856,
      0.6460905686816995,
      0.6333758975474748,
      0.7581497950820816,
      0.6739483212767962,
      0.6777184964911896,
      0.47603773138863337,
      0.605670393505075,
      0.7453045277867456,
      0.6625181522326995,
      0.41154939599011486,
      0.6967646046168667,
      0.8729361584336172,
      0.711281917868296,
      0.9300349833158571,
      0.19607868440469234,
      0.24150353458485696,
      0.3130427646395135,
      0.056075135999812065,
      0.31672317915933235,
      0.1796248789614059
    ],
    "randomY": [
      2.1197064662391703,
      0.3063303834909609,
      0.15288766975913523,
      1.2096092219607992,
      0.4138561852491968,
      0.6262076544649126,
      1.2026532943817312,
      1.8169201796687684,
      0.5091074920346021,
      0.07018021457500762,
      0.9417033236131452,
      0.20629378503314535,
      2.1748114715064806,
      0.1115880938842013,
      2.130154143393026,
      2.1647229393902423,
      0.39624608140416895,
      1.6423904802064135,
      0.19538796665682745,
      0.5470720995898046,
      1.5565902583108575,
      0.060433870368434894,
      0.8695803308028511,
      0.39232488197510385,
      1.9547853417268526,
      0.4171930308329884,
      1.186894155210114,
      2.117051314123028,
      1.5302796806748646,
      1.657917380649873,
      0.45821137317779354,
      0.8399042149388027,
      0.059402489874382514,
      1.7548667142056358,
      1.8100232255795714,
      1.7097027333513444,
      1.9318632574948644,
      2.1280697680143996,
      0.21785021439861674,
      1.6284118293883525,
      1.7846224960395782,
      1.1667893383551295,
      1.3583128520515637,
      1.40407652192275,
      2.1141303814450136,
      2.008627372972898,
      0.8727242208722422,
      1.9875186983638033,
      1.431678796462489,
      1.551953921904579,
      2.0788260782489867,
      2.0653564287304236,
      0.8203634368419603,
      2.1710932248014094,
      0.6360382091802455,
      1.7756528177443605,
      1.170901512589664,
      1.1474504470935531,
      0.06334365301802038,
      0.4562543211757972,
      0.8923019134847767,
      0.3735134605149962,
      0.7526800085192576,
      0.8046262244845691,
      0.0871329011813439,
      1.1304119001378923,
      1.3644579369085255,
      1.9217444159438917,
      0.3248844077458301,
      1.4834684930201592,
      2.0105784769082153,
      1.2313516870552468,
      0.5656702460317377,
      1.3339253281507946,
      1.3490695946240512,
      1.884637514186163,
      1.2052671983065515,
      1.1337790094708786,
      2.0082136308571834,
      1.0541494732144847,
      0.481235948227192,
      0.38940809088030787,
      0.15178634421586917,
      0.3144951924958205,
      0.6486209684243475,
      0.4484268160332899,
      0.7907790991629218,
      1.5511436279332664,
      0.5524750904274707,
      1.382948253937403,
      0.9407244274265677,
      0.2323834149101912,
      1.7932043945346432,
      0.7261906100840575,
      0.7174972735464884,
      1.4732482314210775,
      1.8494804589651332,
      0.18811056576076268,
      0.7832119747275471,
      0.03896632757574023
    ],
    "fx": [
      1.8987591288432446,
      0.03562931688843682,
      0.7538995210527265,
      1.2514358752031476,
      0.7422778948993889,
      0.30141551584991844,
      1.0193142762588707,
      0.08505833547198899,
      0.1560594678843119,
      1.6534235678191571,
      0.8978530329941803,
      1.6137043871386707,
      0.724037338856963,
      1.7830078297483525,
      0.5850419061440792,
      0.26486576054958966,
      0.699491567992474,
      0.5547679282175089,
      0.2634787661454645,
      1.1046733320779116,
      1.6136680577207518,
      1.9679313866098544,
      0.8019256470995684,
      1.2261473258872506,
      1.2094665700080751,
      1.7010433437213994,
      1.11928359471093,
      0.26505742716780933,
      1.2813040413642127,
      2.1155391572132447,
      0.6301216770565272,
      0.8944713738770531,
      0.6880485331724854,
      0.15075360878454946,
      1.5802531106081008,
      0.12093623011603706,
      1.1401803231565486,
      1.2014824082064792,
      1.049495116297252,
      1.6345950084702954,
      1.0313020956313106,
      1.9369874605983601,
      0.6484493569978226,
      0.695162761642426,
      0.05244861169231211,
      0.179469823322635,
      0.38294193236084484,
      0.625047011278667,
      2.080880745908029,
      0.7947506416323423,
      1.226950004572229,
      1.6488070941059556,
      0.6383974417300842,
      0.23821799176088723,
      0.1222921425990573,
      0.00852883653815248,
      0.3443413827435459,
      0.8554142242868927,
      0.08075728459093617,
      0.4096600789439627,
      0.17953595054505167,
      1.8209672770877967,
      0.4965906470920579,
      0.6342667729798492,
      1.036620925925362,
      0.9244648290939239,
      2.141122502317011,
      0.38914592454331964,
      1.4923924250074474,
      0.11887865560693778,
      0.05310895372148407,
      0.1771392883530292,
      0.05649969022076025,
      1.154186302525515,
      0.7619242015167447,
      1.2134672703535356,
      1.8720704769803005,
      0.45675728750559397,
      0.6831326818915282,
      0.14496333084579832,
      1.109421072650371,
      1.0777465547947742,
      1.4076866729324895,
      1.1803445191434507,
      1.1901050086236065,
      0.720833776135636,
      1.010222533317812,
      1.3717254643627612,
      1.1509898590688858,
      0.5926386367690839,
      1.24000761134403,
      1.7501206644968597,
      1.2787149599726542,
      1.9349940386352884,
      0.2357843870359928,
      0.3021819209420276,
      0.4161764586155342,
      0.05924894880258159,
      0.4223586465341645,
      0.2128574712962044
    ]
  }
